"location_id","population_sta","trophic_sta","population_asyn","foodweb_population_sta","foodweb_sta","foodweb_population_asyn","trophic_asyn","a_rich","a_shan","a_simp","a_esn_simp","a_esn_shan","g_rich","g_shan","g_simp","g_esn_simp","g_esn_shan","b_rich","b_shan","b_simp","b_esn_simp","b_esn_shan","foodwbbiomass","rich_Phytoplankton","rich_Zooplankton","shan_Phytoplankton","shan_Zooplankton","simp_Phytoplankton","simp_Zooplankton","species_stability_Phytoplankton","species_stability_Zooplankton","community_stability_Phytoplankton","community_stability_Zooplankton","species_asynchrony_Phytoplankton","species_asynchrony_Zooplankton","Total_Biomass_Phytoplankton","Total_Biomass_Zooplankton","mean_DO","mean_Depth","mean_Secchi","mean_TN","mean_TP","mean_Temp","mean_pH","sd_DO","sd_Depth","sd_Secchi","sd_TN","sd_TP","sd_Temp","sd_pH","sta_DO","sta_Depth","sta_Secchi","sta_TN","sta_TP","sta_Temp","sta_pH","a_Esimp","g_Esimp","b_Esimp","microcystis_biomass","MC_prop"
"TH0",0.548515612472394,0.991162272209302,1.80699008318416,0.548515612472394,1.05623405708987,1.92562259500504,1.06565199938001,27.9808743950173,1.05872633151221,0.486503103669028,2.00831537830805,2.99141160127864,50.8181818181818,1.36647025949914,0.556385880676255,2.32495734547371,4.03937537223365,1.81617561698613,1.29067372637022,1.14364302402224,1.15766545961144,1.35032416485484,48.5545230385455,34.1818181818182,18.6363636363636,1.08846788714357,0.870616871243805,0.494389660903676,0.42586661275144,0.52882250354353,0.611050796570435,0.84305867534501,1.91633160834881,1.59421860774806,3.13612488373201,35.6003103956364,12.9542126429091,7.90427302409091,3.11818181818182,0.450454545454545,2.05930454545455,0.13765,18.9713863636364,8.23022727272727,0.679391063782632,0.256500708841835,0.0655440518069544,0.755767838180001,0.0441462908974242,1.12457233740007,0.238703410494736,11.6343494129617,12.1566206669026,6.87254652460699,2.72478457195751,3.11804224549319,16.8698675333744,34.4788843011055,4.55717261283572,7.70396749071593,1.69051474350938,28.0169887306879,0.303889299436391
"TH1",0.75498010759722,1.66567035493628,2.20624402971013,0.75498010759722,1.86960237071443,2.47635977676893,1.12243239796746,28.0321796610146,1.05497797512266,0.490860095508027,2.0315963195648,2.95557478960018,49.3636363636364,1.35582645498729,0.558352866795342,2.33352899584303,3.96326729900885,1.76096318447503,1.28517038929619,1.13749899799343,1.14861844027307,1.34094637461195,41.4926119424545,32.6363636363636,18.7272727272727,1.09961148556449,0.838178609426585,0.507791170356758,0.409002610441005,0.735739812803605,0.821722650122866,1.43687885113738,3.29541734648182,1.95297145285915,4.01037667148287,31.3870498870909,10.1055620553636,8.80156655418182,2.30590909090909,0.461363636363636,1.97900454545455,0.134863636363636,18.6340227272727,8.32272727272727,0.78407691713508,0.166088352719542,0.129273758147021,0.504530841700755,0.0408715004062066,1.22475924396667,0.189570087782377,11.2253866448991,13.8836291236079,3.5688885584879,3.92246495533037,3.29969869036558,15.2144373019158,43.9031672669879,4.27190112771776,7.10867226747092,1.6640535571732,40.9382964258755,0.432992636978676
"TH10",0.520036677167103,0.666678221647137,1.2819830810374,0.520036677167103,0.717863120052666,1.38040863572012,1.07677601689023,27.3763439486108,0.982452463781617,0.471313286369895,1.97806562170934,2.77862510121575,46.5454545454545,1.19554716634289,0.519336700153654,2.15725189220667,3.39111846943462,1.70020710701278,1.21690077679793,1.10189276469085,1.09058661579815,1.22043037326298,50.4826513256364,32.0909090909091,16.4545454545455,0.999308011435545,0.753800818878224,0.476242345888094,0.389304682505922,0.48582689020323,0.850980716609398,0.607721920378418,1.43614411603858,1.25090218889324,1.68763414729381,42.7433382763636,7.73931304927273,7.23612270231818,2.245,0.297954545454545,3.66688409090909,0.220422727272727,18.86725,8.21,1.40823291940035,0.314682379551191,0.0522831017372987,1.55058907081602,0.0910342006161321,1.22657657221227,0.234566088768176,5.13844166162475,7.1341776530414,5.69886895677394,2.36483292699808,2.42131776607995,15.3820400841105,35.0007967610101,3.70420130385247,6.27911585409424,1.69513353595654,58.2897280692522,0.350058316797261
"TH11",0.573249043479493,1.03210187227991,1.80044238018311,0.573249043479493,1.10953716765085,1.93552380116713,1.07502679478711,24.0392485604976,0.911775583945139,0.437151414220916,1.84557673663456,2.61480614526229,43.1818181818182,1.13530313105196,0.487369872797699,2.04339728659032,3.28744111017965,1.79630482513403,1.24515632030817,1.11487657809888,1.10718630443754,1.25724085364266,26.5738311200909,30,15.1818181818182,0.941805074275341,0.740864414891577,0.447250035815115,0.382616992434128,0.516199931450073,0.830359550722185,0.899362598831812,1.75979817884932,1.74227570372856,2.11932069344993,19.5838573790909,6.989973741,8.58743354790909,2.13454545454545,0.281818181818182,1.94751590909091,0.105102272727273,18.7796818181818,8.26386363636364,0.729745303648975,0.280592716810812,0.0883182520001593,0.505143236155935,0.0226683161443055,1.38385632423903,0.15482394693798,11.7677133445998,7.60727319941329,3.19093930683403,3.85537362414513,4.63652756817914,13.5705430464456,53.3758749844687,4.67538472014381,7.76147263484923,1.66007143784533,5.12708842608581,0.191964383323603
"TH12",0.630728257711048,1.71348995420052,2.71668493246026,0.630728257711048,2.12901711960736,3.37549030597376,1.24250341496791,25.3856147056246,0.842194954341434,0.406512088461697,1.69465493911591,2.352719450579,45.9090909090909,1.05359136700894,0.452361404296016,1.83925807646373,2.90883716901036,1.80846875056837,1.25100650577135,1.11278709080416,1.08532895636162,1.23637230452381,17.257808391,31.8181818181818,16.0909090909091,0.862515096748842,0.721531465065338,0.410740568772427,0.376219915843852,0.541177096406497,0.903593640576478,1.45496364729754,2.53573125122715,2.68851667404022,2.80627390162838,11.1486733202727,6.10913507072727,8.67042924863636,1.83022727272727,0.398863636363636,1.28783863636364,0.0638477272727273,18.9104772727273,8.26568181818182,0.618492684194049,0.365237002755496,0.0883697037759805,0.15136350755864,0.00989899271735169,1.4668623889724,0.126521198367561,14.0186447959925,5.01106749567896,4.51357896790925,8.50825048345758,6.44992163301729,12.8917868607804,65.3304104357984,5.42593953759671,9.50246620177644,1.75130337076799,1.15428565668207,0.108286753676856
"TH13",0.695325524712514,1.36890909162951,1.96873125317167,0.695325524712514,1.44770150836974,2.0820485613099,1.0575585458684,26.8139708544978,0.997088068534665,0.471985864336623,1.96161627882273,2.82254710735281,44.5454545454545,1.2413711158079,0.528265708617813,2.20282908114698,3.59102029522491,1.66127780130642,1.24499646017451,1.11924052929062,1.12296635429077,1.27226230728628,35.2462283595455,31.1818181818182,15.3636363636364,1.04614569081586,0.758085938554653,0.490001618556001,0.389266378939347,0.67269451950223,0.792187840973527,1.26012456667195,1.99478966829567,1.87324934296239,2.5180766039583,27.6409894350909,7.60523892445455,8.67589475836364,2.30681818181818,0.330681818181818,1.95334772727273,0.100622727272727,18.2853409090909,8.34022727272727,0.7824478309425,0.154972138258345,0.0696068504988096,0.426166320298564,0.0237879314320977,1.20170050487178,0.129785662466307,11.0881446855224,14.8853736403418,4.75070795204954,4.58353378536401,4.22999063873853,15.2162213754266,64.2615456456327,4.35847196206698,6.76255228289224,1.55158788257643,36.9931057591699,0.403127328873144
"TH14",0.634375433563993,1.2872328012848,2.02913406348821,0.634375433563993,1.37589645885102,2.16889933949851,1.06887927147112,25.873927084055,0.982898801421332,0.464286505621943,1.93926817945633,2.79714268374782,44.9090909090909,1.23723585129398,0.52171355205827,2.18909454111421,3.63161930308112,1.73568901091812,1.25876219352883,1.12368881227638,1.12882507138745,1.29833180272921,33.4944723636364,29.9090909090909,17,1.02437964949552,0.778398645091001,0.480341230478088,0.39281968248608,0.597135241346196,0.789720094142252,1.15528453696331,2.01207329898055,1.93471169840655,2.54783095163097,25.4316004444545,8.06287191918182,8.66574005895455,2.24772727272727,0.360909090909091,1.873025,0.0925909090909091,18.02225,8.3375,0.984266692995129,0.235219191780386,0.0675117834832625,0.414577751302455,0.0215584301165671,2.04696102490985,0.154369686143361,8.80426018743421,9.5558838363235,5.34586811794963,4.51791007625379,4.29488179752733,8.80439333269361,54.0099562828486,4.92879439717406,7.93991774835846,1.61092492576092,20.6232093815147,0.279802142131788
"TH15",0.600069842257048,1.22653668975738,2.04398988815034,0.600069842257048,1.42696795434202,2.37800311539529,1.163412367733,27.1640742768759,1.00387625502657,0.461399475824389,1.91826245561302,2.85809718343963,47.3636363636364,1.26709420410965,0.520316002661749,2.17615078494259,3.73632681347588,1.74361312227584,1.2622015888563,1.12769092711277,1.134438501142,1.30727773538453,31.9575851582727,33.0909090909091,16.2727272727273,1.05016686359261,0.78336088757234,0.472034341990493,0.40074979518792,0.594828422448258,0.613132934533493,1.1584382123502,1.42975359884045,1.94751657559027,2.3318819106142,22.6074564857273,9.35012867254545,8.7798302099697,1.82575757575758,0.433863636363636,1.25028409090909,0.0986204545454546,19.5154924242424,8.24840909090909,0.754212452318067,0.50508380142769,0.043060475443898,0.188656533902462,0.0217134371363155,1.52354002265491,0.0977194500040338,11.6410570827689,3.61476169023203,10.0756815128273,6.62730341243046,4.54190895371938,12.8093073592087,84.4090822304935,5.48302805928691,9.59554541405362,1.75004492231279,0.807907347070407,0.0711962298454879
"TH16",0.604518071683554,0.934427640616186,1.54573979569188,0.604518071683554,1.07450531226434,1.77745771813222,1.14990745731342,28.7929496928171,1.1018352667116,0.491048904373684,2.12352617689897,3.26047418570872,49.9090909090909,1.41622749552502,0.5612034771187,2.5149402975085,4.48898329906675,1.73337888064805,1.28533505716487,1.14286677379821,1.18432271985511,1.37678848025935,46.0160489767273,34.7272727272727,17.1818181818182,1.15220203638484,0.865839714709508,0.505091049553634,0.423948682329582,0.578787581537295,0.678785930838185,0.874391320330692,1.1244409907535,1.51072923508182,1.6565472848929,32.7210564171818,13.2949925595455,7.59358640640909,2.14962121212121,0.392272727272727,4.07141818181818,0.200981818181818,19.33275,8.23886363636364,1.40503117944458,0.184338669164923,0.049351475984191,0.986982407967013,0.0426273812984522,1.11135315606696,0.172087781511223,5.40456789678569,11.66126034141,7.94855107065867,4.12511727560017,4.71485256799286,17.3956855158606,47.8759361298775,4.95807294142802,8.39748592264603,1.69369955259823,19.9835481572344,0.264501149502704
"TH17",0.756197638120857,1.38377210486055,1.82990799640583,0.756197638120857,1.59219896390741,2.1055328443818,1.15062224358675,22.1072192339775,0.937629034475243,0.456836272933583,1.8884463829113,2.63958323794964,40.6363636363636,1.23506987263012,0.52997725951162,2.20676940980086,3.59082343866823,1.83814903205501,1.31722656532425,1.160103281879,1.16856344441129,1.3603751482592,34.1012045608182,26.0909090909091,16.5454545454545,0.938942532832953,0.870160304610841,0.463327577696917,0.424285397083362,0.686992050822554,0.912289117770934,1.16532931454016,2.03012364894339,1.69627772715111,2.22530731694328,21.4639562687273,12.6372482920909,8.34142871935606,2.36227272727273,0.561818181818182,3.63296590909091,0.186363636363636,18.8975909090909,8.31045454545455,1.12417269886056,0.166423610650106,0.156177346745178,0.661346855125275,0.0392255279818455,1.1914039106907,0.184860819881533,7.42005986074093,14.1943364769272,3.59730904338421,5.49328371479553,4.75108037933587,15.8616156448029,44.9551968382496,3.39018885900268,6.15672605394616,1.81604220590747,72.2038269750051,0.572888061884706
"TH18",0.747245343647562,1.36850616421235,1.83140139426256,0.747245343647562,1.60399427673542,2.14654302013549,1.17207676419828,21.4854623579888,0.864639206260161,0.43070914955885,1.78318614640968,2.41106755906852,40.3636363636364,1.10263519182885,0.48574941756857,1.98242229141959,3.07526085779758,1.87864872028822,1.27525467714806,1.12778987413222,1.11173042444899,1.27547685100357,24.2503172266364,25.3636363636364,17,0.85803129243597,0.790308930515996,0.432928026300656,0.396036111006796,0.65899188831796,0.996472876364728,1.09787271755917,2.53601502303683,1.66598821172356,2.54499152278842,15.7935944385455,8.45672278809091,8.48589700347727,2.64454545454545,0.319090909090909,2.44628636363636,0.134465909090909,18.4493181818182,8.36272727272727,0.947796151081059,0.233283138540429,0.0509812799867845,0.600346124785906,0.0325334486965478,1.31079416810435,0.163586577022133,8.95329337832638,11.3362048842941,6.25898190813618,4.07479329446618,4.13315877898852,14.0749162841481,51.1211092313266,3.99381089686283,7.2892126414067,1.82512713537149,14.1026756069252,0.5316841892581
"TH19",0.660662563048248,1.04353815622052,1.57953275179649,0.660662563048248,1.28012439388215,1.93763725308689,1.22671546435685,19.6955284468986,0.8720029082186,0.434731460181562,1.80583310472451,2.44116670069448,36.8181818181818,1.09877158863973,0.488888731688076,2.02528912988187,3.09200658462702,1.86936755301834,1.26005495885833,1.12457637982744,1.12152619452109,1.26661017608809,26.0605198171818,23.7272727272727,15.0909090909091,0.852591249142376,0.795509412083639,0.433145210021312,0.402072235738584,0.661430443299394,0.65944159988688,1.06530436551342,1.01060690313838,1.61060679366282,1.53251918488573,16.0173079651818,10.043211852,8.51198706784091,2.5975,0.286590909090909,2.14506590909091,0.129802272727273,18.2050909090909,8.32477272727273,0.707649809416811,0.296215715315714,0.109214655193756,0.396262683120794,0.033287423403114,1.23241033787821,0.127306002143725,12.0285301494758,8.7689473100086,2.62410670603202,5.41324227706049,3.89943887081179,14.7719394665529,65.3918321767286,3.92319600061893,6.76265869437008,1.72376263977206,8.16068448318152,0.463972313816048
"TH20",0.614178451408253,1.02963318949252,1.6764397824959,0.614178451408253,1.12069003942074,1.82469775168944,1.08843620316193,19.041033587115,0.896378236364701,0.441692757351205,1.86594566193148,2.54036190905149,35,1.1519972115473,0.501428878142542,2.11198075681099,3.30542121849209,1.83813551086242,1.28516865404862,1.13524360496552,1.13185544461398,1.30116154187112,30.2037102982727,22.2727272727273,14.7272727272727,0.91235458225069,0.797596497693587,0.450119658308194,0.399952785760636,0.53986163391321,0.894827663634207,0.85441203859724,1.93263568673942,1.58265004387142,2.15978535899339,20.9906177626364,9.21309253563636,8.49383784320455,2.28636363636364,0.257727272727273,2.02570909090909,0.123454545454545,18.4155227272727,8.30704545454545,0.759287050530415,0.18894563912791,0.10595078188394,0.350454217279648,0.0309472975762461,1.23161262910942,0.15953376673066,11.1865964753001,12.1006425282768,2.43251883699727,5.78023887580345,3.9891866212352,14.9523659404085,52.0707661129207,3.9579493775989,7.16865433494056,1.81120414917723,11.4674382234873,0.449589568457309
"TH21",0.679382571872356,1.41994456352857,2.09005150016617,0.679382571872356,1.62306379575155,2.38902771862169,1.14304729736647,19.072336090359,0.809056389875318,0.406354999640673,1.69638049190845,2.2702249241183,36.2727272727273,1.04350358139463,0.460782961985832,1.88289719826171,2.89982577326007,1.90185025583012,1.28977855493538,1.13394190398368,1.1099498062156,1.27732972290677,19.215676465,23.2727272727273,15,0.810634025814898,0.772026802858842,0.407516747506887,0.393270820902401,0.603309995463004,0.810325033605161,1.2958669625549,1.61855083340093,2.14792887951476,1.99740939287035,10.7934529633636,8.42222350163636,8.44214250820455,2.58431818181818,0.263636363636364,1.79677954545455,0.0997318181818182,18.1905909090909,8.28818181818182,0.751912934258164,0.218529434256266,0.0654538352234195,0.227110294465647,0.0175032464521196,1.26950846429202,0.111747991643535,11.2275532492782,11.8259500859165,4.02782148267508,7.91148437230498,5.6979040119578,14.3288457074096,74.168508053552,4.59499602194222,8.46707969353261,1.84267399864989,3.99846246871177,0.30782661456597
"TH22",0.587573412758046,1.04074052944224,1.77125190970953,0.587573412758046,1.06956193460873,1.82030349124929,1.02769317072906,20.1174882351887,0.824686981653406,0.412268968362885,1.73899286019613,2.34486503089728,37.6363636363636,1.04277520965952,0.461932917172031,1.92326564807931,2.95622739050098,1.87082816683504,1.26444970377594,1.12046492125362,1.10596523545381,1.2607239016097,21.1852724366364,23.7272727272727,15.9090909090909,0.830216798742167,0.753465740356731,0.417195631146773,0.385096241916195,0.49946539108501,0.886866476341977,0.827410747931048,2.05371669817687,1.65659275437208,2.31569999877293,13.9127549700909,7.27251746654545,8.60517131479545,2.34954545454545,0.280227272727273,1.80874090909091,0.0968636363636364,18.4797272727273,8.27659090909091,0.82931352315232,0.165611813368711,0.0919949356313606,0.445667738802228,0.0161567956431511,1.45057708539802,0.113337288255414,10.3762582841845,14.1870643570246,3.04611629764264,4.05849639005072,5.99522569344975,12.7395692781516,73.0261949662936,4.69574419408608,8.23359355170363,1.75341611710305,4.55240087450385,0.240835861562483
"TH23",0.639657174242509,1.03428741856473,1.6169402301937,0.639657174242509,1.10132790999371,1.72174713947033,1.06481804789041,19.7916825339476,0.83757202185904,0.41509155074518,1.74769622541207,2.37774026183947,37.1818181818182,1.05068399655102,0.463057068371184,1.92484505872833,2.97732938059294,1.87865878093195,1.25444017843262,1.11555406883107,1.10136134114182,1.25216762670688,21.1731297580909,24.0909090909091,15.0909090909091,0.842420239788471,0.748081348903218,0.41920844986718,0.383536207254978,0.550355601356188,0.944953277780319,0.849722617388843,1.82247148548225,1.54395197449604,1.92863660916993,14.0944428410909,7.078686917,8.67238002045455,2.34886363636364,0.302954545454545,1.63581136363636,0.0876272727272727,18.5739545454545,8.2725,0.566904717146986,0.164375194434728,0.113654180421455,0.296930678223815,0.0195610117790001,1.40820719719339,0.111781035958699,15.2977736084104,14.289647805079,2.66558206949469,5.50906822232546,4.47969019789383,13.1897881096426,74.0062921143128,4.56812025711402,8.02888702055772,1.75759099337505,4.94180788743674,0.248414674078881
"TH24",0.618661520975417,1.19283149137552,1.92808418001306,0.618661520975417,1.25431017648604,2.02745788118263,1.05154012578896,25.0955717267563,0.811163766703707,0.401063636623002,1.68750304071831,2.28853613270019,45,1.01281420527462,0.444446967338074,1.83288933961487,2.82705070540841,1.7931450412832,1.24859399155654,1.10817069101643,1.08615468854781,1.23530962217006,16.8940221303636,31.6363636363636,15.3636363636364,0.835511082893937,0.708863194887732,0.40793498050913,0.371881662276184,0.5360480896098,0.897431026502973,1.0311391778788,1.74405835621905,1.9235945391194,1.94338985917964,11.2917519204091,5.60227020995455,8.61818899634091,2.03954545454545,0.422265151515152,1.42684318181818,0.0661,18.7860681818182,8.29863636363636,0.715726666350726,0.260942565955179,0.111922696649306,0.208534911373045,0.0106850362657316,1.37535749030438,0.120557888773214,12.0411735394497,7.81607035663082,3.77282860542809,6.84222690782804,6.18622139935938,13.6590437862527,68.8352827681584,5.71527440962134,10.058341266018,1.75990521978881,2.74772696819362,0.145473948884181
"TH25",0.610092603519901,1.3052180282106,2.13937690881713,0.610092603519901,1.51357771972961,2.4808983275606,1.15963592826301,30.6474287381009,1.01630519160199,0.456918223218899,1.9021462655926,2.92248990912697,50.7272727272727,1.21012520876586,0.497049774258634,2.04725872488293,3.50816368143972,1.65518853672082,1.19071044678848,1.08783092684948,1.07628880171584,1.20040232490921,26.5858910520455,36.9090909090909,15.8181818181818,1.05349631671729,0.694118203915417,0.466228537549372,0.367890800314935,0.571345756960963,0.86114878897009,1.20331940477109,2.05234154784148,2.10611418761845,2.38326009875253,21.568625428,5.01726562404545,8.49508795909091,1.76022727272727,0.445795454545455,1.22224318181818,0.0594068181818182,19.0909318181818,8.24568181818182,0.855789606955073,0.298128442423426,0.146607759778508,0.165761139931419,0.0115548371413723,1.57680989695536,0.123890530858349,9.92660800043682,5.90425810573033,3.04073573744632,7.37352061118705,5.14129428697105,12.1073135417556,66.5561908650593,7.33738487413448,11.6153477071611,1.58303645050802,1.36806517993839,0.0802890395910665
"TH26",0.592767964248735,1.31295165108515,2.21495041951055,0.592767964248735,1.74336540227823,2.9410587403922,1.32782147829842,24.7230122569855,0.812630354882958,0.401379093446012,1.68021791194378,2.27781254564722,46.6363636363636,1.01571788313651,0.445044235728548,1.82025931192292,2.81189614373382,1.8863544276724,1.24991378556467,1.10878778440514,1.08334716525973,1.23447214701983,16.2714793908182,32.3636363636364,16.2727272727273,0.809388683884141,0.737209075953253,0.398054000701882,0.382218940003775,0.542418275184539,0.672234047464007,1.71213394399706,1.0123651139738,3.15648277782411,1.50597119826485,9.11446068122727,7.15701870959091,8.6821599605,2.04939393939394,0.392159090909091,1.22876818181818,0.0531863636363636,19.0556818181818,8.28704545454545,0.641502793900426,0.322907169948331,0.0709006587352396,0.206077385067755,0.00961831822381363,1.65358324968426,0.130421519417896,13.5340953196965,6.34669691515944,5.53110645097824,5.96265418165212,5.5296947344372,11.523872064996,63.5404762307064,6.08321382158422,10.7556797663112,1.76809168340398,1.58410824149615,0.128031368786967
"TH27",0.6316804202253,1.21992911018175,1.93124414042569,0.6316804202253,1.53192309450964,2.42515526120511,1.25574763461576,23.9969035454286,0.783215880435887,0.39233786739198,1.6554515426125,2.21775893077541,43.8181818181818,0.936800322296674,0.424563197464654,1.75348704634413,2.60214811375417,1.82599316346084,1.19609464733441,1.08213668052714,1.05921979665857,1.17332324881873,13.0668932453636,31.4545454545455,14.3636363636364,0.786363099295894,0.673523790941081,0.392427057418063,0.364412131368407,0.575241150128633,0.774497502612221,1.13064456851026,1.43254006745767,1.96551406007277,1.84963807194472,8.528896692,4.53799655336364,8.65439756427273,2.06568181818182,0.452795454545455,1.2962,0.0496772727272727,18.7713409090909,8.29931818181818,0.662913628074774,0.20250028058342,0.0683819071631724,0.371488734687877,0.0114075931650012,1.53354824782564,0.117473884912195,13.0550907354352,10.2008837332493,6.6215680920539,3.48920405645426,4.35475494337263,12.2404632105355,70.6481971548098,6.44482245362105,10.22520867867,1.5865772489861,1.75800867240484,0.162596229565835
"TH28",0.553006774938698,1.49704769382599,2.70710552143224,0.553006774938698,1.748781717357,3.16231517697203,1.16815364304637,24.2739305170841,0.735054632983835,0.381027408872968,1.62141512856307,2.10625960073723,43.4545454545455,0.875230637564168,0.410400096634897,1.70456907020651,2.43184286776885,1.79017343004925,1.19070147753686,1.07708812300094,1.05128479448514,1.15457888805238,10.8346330697273,31.3636363636364,14.0909090909091,0.751556521836869,0.642584990663075,0.384796028833797,0.356301962020133,0.493060117118145,0.745343461717381,1.29419285751296,2.2433737013424,2.62481756804282,3.00985225814329,7.36473595945455,3.46989711027273,8.45882874634091,2.11954545454545,0.818863636363636,0.934293181818182,0.0334295454545455,18.8725,8.31613636363636,0.920081132658554,0.823778503438438,0.203351185257068,0.103977722428238,0.00720300994534419,1.39878168864909,0.12337120630623,9.19356831271967,2.57295552833499,4.0268446693756,8.98551305028828,4.64105224179974,13.4920982689061,67.4074333276288,5.24651311345471,9.16233747841924,1.74636702135031,1.31830781891309,0.125604788236978
"TH29",0.669405046370873,1.50743568604341,2.25190367807332,0.669405046370873,1.77000173201079,2.64414160246731,1.17418059582796,22.1697114378079,0.820097875292982,0.40727611400939,1.70068744232638,2.30124628985996,40.7272727272727,1.02870024724029,0.453685086296941,1.85125682654005,2.85452102150191,1.83706823796619,1.25436277575136,1.11394965403368,1.08853442464872,1.24042395378533,17.7801486645455,28,14.7272727272727,0.838043631731603,0.723948689017663,0.412240361717004,0.378056455871148,0.595375786634734,0.870276829503389,1.26688790169243,2.32794980833831,2.12787945047834,2.67495322111095,11.5552706384545,6.22487802609091,8.82406759568182,2.52340909090909,0.362045454545455,1.51105681818182,0.0636386363636364,18.6859090909091,8.30318181818182,0.55425040274089,0.277871986549726,0.0806056618809915,0.293607025650552,0.0117287113722926,1.67309210846537,0.126194744884102,15.9207238317643,9.08119282638634,4.49156357130333,5.14652813512802,5.42588476633278,11.1684879728759,65.7965735879691,4.47791257419166,8.14004594616671,1.81782154325247,2.96472138419912,0.187974324008455
"TH3",0.734724987833392,1.38949454294137,1.89117638021107,0.734724987833392,1.5729595920013,2.1408821233095,1.13203725771499,27.9524420615847,1.05506718244758,0.484197789356566,2.01489518669882,2.98220181239766,49.0909090909091,1.36680992027777,0.554821306595348,2.34196977621369,4.04807593648968,1.75622970553886,1.29547193109257,1.14585675273865,1.16232833929726,1.35741180213255,40.8366555974545,32.8181818181818,18.2727272727273,1.10499508496174,0.847156110431656,0.50220277253158,0.413271135108844,0.704210603563244,0.83304993135578,1.27509394214666,1.83889522831095,1.81067131862939,2.2074249802988,29.8705467881818,10.9661088092727,8.52458111322727,2.43090909090909,0.405,1.97660681818182,0.120722727272727,18.6015227272727,8.36204545454545,0.87173872148198,0.18669585134408,0.0436606229914324,0.465647787239845,0.0237043916145971,1.15096155699564,0.161697318243911,9.77882581461478,13.0206915333589,9.27609301588467,4.24485388387277,5.09284225621663,16.1617237467326,51.7141876276004,4.43891502301192,7.37371904210881,1.66115345842001,51.7274108520183,0.476212791289623
"TH30",0.596157082306571,1.05969540870768,1.77754393960674,0.596157082306571,1.18875460664815,1.99402916098686,1.12178895641141,24.020795963864,0.847203812515923,0.413986312753935,1.73928380752833,2.39061119620283,43.0909090909091,1.03290443802146,0.453989140177313,1.87147641570335,2.88741187056864,1.79390013368972,1.21919238648616,1.09662838164206,1.07600404695475,1.20781324673578,18.7084294366364,30.2727272727273,14.8181818181818,0.857298558766664,0.70759840145289,0.417285811442984,0.372800245898471,0.528721697212142,0.861188857702704,0.863412821387197,2.34722249274842,1.63301946173161,2.72556068480709,13.2267439724545,5.48168546418182,8.57169958925,2.30242424242424,0.417727272727273,1.49833181818182,0.0585068181818182,18.7888636363636,8.30090909090909,0.881247698824665,0.233377512051425,0.106527311905531,0.316478302789249,0.0115208728559791,1.60053795395344,0.121574425390749,9.72677670612044,9.8656645286239,3.92131618882599,4.7343903356926,5.07833207719624,11.7390928406002,68.2784151702082,5.64657345012007,9.57368965984017,1.69548660695038,4.54468556125193,0.230179965576639
"TH31",0.71084375273224,1.21741501952721,1.7126337747893,0.71084375273224,1.27896465872782,1.79922050916522,1.05055764732105,23.6569234321512,1.00906345769161,0.475485298485092,1.99672523165059,2.88157857755685,40.9090909090909,1.22625393333226,0.524019367704391,2.21078628758226,3.57710728192041,1.72926505115593,1.21523966008789,1.10207270208759,1.10720606548089,1.24137072290191,35.0036072123636,26.8181818181818,16.0909090909091,1.04167030896595,0.743428064591683,0.488447228507,0.384028552009848,0.68884264443517,0.817369873559843,1.10922425334388,2.02228630137702,1.61027233477016,2.47413853482203,28.1138060043636,6.889801208,8.69070031220455,2.39772727272727,0.342272727272727,2.04372272727273,0.108370454545455,18.3461818181818,8.44,0.722094916638299,0.169471437657849,0.0726072873878248,0.539087301076382,0.0393244148370033,1.4586006739805,0.168144283280759,12.035398826326,14.1482677309206,4.71402719460528,3.79107933574409,2.75580590314291,12.5779331831209,50.1949863255673,4.30730942374473,6.64244552487662,1.54213335319238,14.1924093322717,0.400640331150447
"TH32",0.66443377110176,0.927033206065496,1.39522288960162,0.66443377110176,0.975748830052417,1.46854189610868,1.05255003129141,23.7319229375588,0.991521551066909,0.480859014384453,2.01699014427552,2.77123116582781,43,1.24329698219397,0.536839842677128,2.27097384918547,3.5653503265739,1.81190542852922,1.25392834967242,1.11641838172533,1.1259221348358,1.28655825271396,48.9878467785455,27.9090909090909,17.0909090909091,0.995772707956958,0.830017325999969,0.486932700540992,0.408075889047747,0.628414009700328,0.847489417137422,0.826702167900134,1.70831616459025,1.31553745642043,2.0157374594251,38.714353527,10.2734932515455,8.55304563961364,2.38454545454545,0.313409090909091,3.07310681818182,0.184806818181818,18.4695681818182,8.36272727272727,0.841986254524669,0.148310561752266,0.0713378644836731,1.90483569121102,0.161504386198529,1.309758556428,0.119778204118354,10.1581772786091,16.0780555772456,4.39330632024764,1.61331858299445,1.14428358592469,14.1015060303853,69.8184392918762,3.53787239309261,5.81170197784276,1.64271102292712,74.8775920398418,0.541726440515259
"TH4",0.637615724697722,0.960510601510445,1.50640983950921,0.637615724697722,0.997593318999578,1.56456825068502,1.03860729640133,26.5715288012355,1.0449466027091,0.492438679409327,2.04278050156613,2.9081010943289,47.8181818181818,1.30662499152783,0.549766660119249,2.2948169501347,3.75151582127689,1.79960220489678,1.25042273752583,1.11641648616775,1.12337911409245,1.2900224922004,52.4576195261818,31.6363636363636,18.1818181818182,1.06383612743504,0.825512624689228,0.501053040651144,0.406359627987822,0.593483409622155,0.940591553078625,0.836973959661932,2.66331932000099,1.41027355793281,2.83153650623775,42.6188102585455,9.83880926763636,8.93104801195455,2.45340909090909,0.378863636363636,2.28770227272727,0.133663636363636,18.5732727272727,8.37318181818182,0.796958927058714,0.243339456128863,0.0720881720218688,0.770788514319471,0.0553714235454945,1.17024543074597,0.147657081226617,11.206409400439,10.0822494220167,5.25555893203539,2.96800254573991,2.41394618026779,15.871262761892,56.7069438771519,4.49446196817167,7.25071603189976,1.61325562063869,87.2317571237436,0.500361425581144
"TH5",0.739060328130481,1.35941071726104,1.83937720036982,0.739060328130481,1.49233397761849,2.01923161184078,1.09778005916068,25.4510334564306,1.02832257219142,0.489805932709576,2.03248173010631,2.8681204109165,45.0909090909091,1.30622044840413,0.552728447374686,2.32538758896488,3.78459267342873,1.77167301155373,1.27024387456603,1.12846417420268,1.14411241907855,1.31953758253105,43.2805506767273,29,18.0909090909091,1.04881099621041,0.839084547214689,0.501118330833766,0.410297530275706,0.701212250777143,0.889619891700488,1.20501001265664,2.2723552242462,1.71846685696255,2.55429902753484,32.8149855817273,10.465565095,8.82191177122727,2.49143939393939,0.338712121212121,2.40790227272727,0.135181818181818,18.5705227272727,8.36954545454545,1.1632561653399,0.205765539074713,0.0476042184702324,0.686204861034093,0.0478172420405405,1.26389925159477,0.14375681802013,7.58380830816363,12.1081469965423,7.11517029575693,3.5090137209151,2.8270517581756,14.6930403699826,58.2201635359895,3.94457924262704,6.45000944189381,1.63515778113718,80.9527159192588,0.504014688427167
"TH6",0.67024894923125,1.21954677383009,1.8195429850787,0.67024894923125,1.34666452998572,2.0092005090501,1.10423360455164,25.8934671021076,1.06177508940574,0.4880597261701,2.05457434184566,3.07105500442141,47.2727272727273,1.37707731453735,0.561397161544274,2.42742295022805,4.19288939367678,1.82566232194063,1.29695764034932,1.15026323919342,1.18147243484383,1.36529283508119,43.3550917578182,31.2727272727273,18,1.08777010177155,0.880995552036471,0.49699945697081,0.429855910395805,0.628813796492796,0.782701992024419,1.04167582659016,1.94290092143294,1.65657279213672,2.48229970184148,29.7229515592727,13.6321401985455,8.23310514359091,2.24704545454545,0.340227272727273,2.42943863636364,0.156795454545455,18.6610681818182,8.3575,0.760742476567709,0.231205585415389,0.0921917468205163,0.790606945751462,0.0364389589213623,1.15449886363581,0.176815581892547,10.8224601585766,9.71881994333469,3.69043091665944,3.07287793184575,4.30296197220754,16.1637821998801,47.2667618461304,3.93764250802668,7.07627819431517,1.7970849765794,42.5943482790927,0.401893944474326
"TH7",0.76935221923607,1.74329611187003,2.26592718950111,0.76935221923607,2.10252759342212,2.73285439471381,1.20606452289206,22.4762156436307,0.851804600795704,0.422596365654495,1.74706609415338,2.3707633926531,40.4545454545455,1.0683947959003,0.472458521013701,1.91567787864921,2.95079995837177,1.79988242219991,1.25427215925139,1.11799002407885,1.09651139419401,1.24466235960796,20.8269783199091,26,16.4545454545455,0.882512801469091,0.724263534701085,0.433188047749284,0.379127488511617,0.740724230030066,0.845881851363867,1.62557966795061,2.09913644216127,2.19458146776787,2.48159531827843,14.5930636660909,6.23391465381818,8.38709871122727,2.64772727272727,0.357727272727273,2.14357045454545,0.105184090909091,18.0450454545455,8.32090909090909,0.800388697136879,0.245380965402409,0.105074108046741,0.417890124138239,0.0231242358596108,1.16477127485497,0.134291067867863,10.4787820483089,10.7902716430558,3.40452352513087,5.1295073291475,4.54865153372732,15.4923510255628,61.9617463992209,3.87852600520983,6.68390596347557,1.72331085430326,45.3394326696678,0.516112657389344
"TH8",0.689484440435868,1.57192391673884,2.27985408306695,0.689484440435868,1.697557691642,2.46206816584412,1.07992357235953,20.2792695748757,0.780865793611721,0.398678879616035,1.67278133958978,2.20302212316813,37.6363636363636,0.977173353747126,0.443630935416493,1.81588200927183,2.6995544517284,1.85590331532413,1.25139731019261,1.11275253869418,1.08554654831166,1.22538690072082,16.0545204019091,24.3636363636364,15.2727272727273,0.794125790131224,0.713879778779279,0.404622257784792,0.375502541884274,0.62355463181885,0.848179656220706,1.30680584420632,2.45230728978128,2.09573592676954,2.89125926541106,10.2577727359091,5.796747666,8.60002194397727,2.63295454545455,0.337181818181818,1.82360681818182,0.0898954545454545,18.0348863636364,8.29295454545455,0.472527952581294,0.187292612580616,0.0910184796421235,0.316112644893183,0.0279343467307315,1.19390399197149,0.136211316443506,18.2000279496645,14.0579732920392,3.704542412789,5.76885122326577,3.21809761337851,15.1058095834452,60.8830070950389,4.43520337673233,7.90409657781663,1.7821272005885,20.3742212454778,0.432864261964147
"TH9",0.581954461401794,1.15751604265474,1.98901481031101,0.581954461401794,1.25947449892649,2.16421486982454,1.08808383859451,29.008301747437,1.02288058234193,0.464111332671679,1.96571569895012,2.98123485545786,48.7272727272727,1.26363063758103,0.516348221122639,2.18156046107842,3.76866247331577,1.67976992074615,1.23536477218865,1.11255249500213,1.10980466923247,1.26412800602285,31.9602150788182,34.5454545454545,16.1818181818182,1.08270189412228,0.738528360003024,0.480307418347014,0.383736104853684,0.555791751733287,0.706279762086209,1.03209880130313,2.12158678694248,1.8569883379601,3.00389010252218,25.2168251204545,6.74338995836364,8.77273194777273,2.06636363636364,0.512272727272727,1.31819772727273,0.0979818181818182,19.0750909090909,8.24977272727273,0.643804850131786,0.34449303990858,0.118651035317094,0.185073661164462,0.0155652220145951,0.790808536188811,0.109786466296253,13.6263837496362,5.9982739764844,4.31747372371159,7.12255714280886,6.29491941007607,24.1209977335609,75.1438042008855,6.20583827307893,11.0304714233091,1.77743456047824,0.635906884140814,0.0603613834146475
